<?xml version="1.0" encoding="UTF-8"?>
<!--
 *******************************************************************************
 * Copyright (c) 2021 L3Harris Technologies
 *
 *
 * Permission is hereby granted, free of charge, to any person obtaining a copy
 * of this software and associated documentation files (the "Software"), to deal
 * in the Software without restriction, including without limitation the rights
 * to use, copy, modify, merge, publish, distribute, sublicense, and/or sell
 * copies of the Software, and to permit persons to whom the Software is
 * furnished to do so, subject to the following conditions:
 *
 * The above copyright notice and this permission notice shall be included in all
 * copies or substantial portions of the Software.
 *
 * THE SOFTWARE IS PROVIDED "AS IS", WITHOUT WARRANTY OF ANY KIND, EXPRESS OR
 * IMPLIED, INCLUDING BUT NOT LIMITED TO THE WARRANTIES OF MERCHANTABILITY,
 * FITNESS FOR A PARTICULAR PURPOSE AND NONINFRINGEMENT. IN NO EVENT SHALL THE
 * AUTHORS OR COPYRIGHT HOLDERS BE LIABLE FOR ANY CLAIM, DAMAGES OR OTHER
 * LIABILITY, WHETHER IN AN ACTION OF CONTRACT, TORT OR OTHERWISE, ARISING FROM,
 * OUT OF OR IN CONNECTION WITH THE SOFTWARE OR THE USE OR OTHER DEALINGS IN THE
 * SOFTWARE.
 *******************************************************************************
-->
<assembly xmlns="http://maven.apache.org/ASSEMBLY/2.0.0"
          xmlns:xsi="http://www.w3.org/2001/XMLSchema-instance"
          xsi:schemaLocation="http://maven.apache.org/ASSEMBLY/2.0.0 http://maven.apache.org/xsd/assembly-2.0.0.xsd">
    <id>assembler.xml</id>
    <formats>
        <format>tar.gz</format>
        <format>zip</format>
    </formats>
    <dependencySets>
        <dependencySet>
            <outputDirectory>lib</outputDirectory>
            <excludes>
                <exclude>com.harris.gcsd.dex.jmsclient:JmsClient</exclude>
                <exclude>com.harris.gcsd.dex.jumpstart:JumpStartKitCommon</exclude>
                <exclude>org.apache.activemq:activemq-all</exclude>
                <exclude>com.solacesystems:sol-common</exclude>
                <exclude>com.solacesystems:sol-jcsmp</exclude>
                <exclude>com.solacesystems:sol-jms</exclude>
                <exclude>com.oracle.weblogic:wlthint3client</exclude>
            </excludes>
        </dependencySet>
        <dependencySet>
            <outputDirectory>lib/activemq</outputDirectory>
            <includes>
                <include>org.apache.activemq:activemq-all</include>
            </includes>
        </dependencySet>
        <dependencySet>
            <outputDirectory>lib/solace</outputDirectory>
            <includes>
                <include>com.solacesystems:sol-common</include>
                <include>com.solacesystems:sol-jcsmp</include>
                <include>com.solacesystems:sol-jms</include>
            </includes>
        </dependencySet>
    </dependencySets>
    <fileSets>
        <fileSet>
            <directory>${basedir}/bin</directory>
            <outputDirectory>bin</outputDirectory>
            <includes>
                <include>*.bat</include>
            </includes>
        </fileSet>
        <fileSet>
            <directory>${basedir}/bin</directory>
            <outputDirectory>bin</outputDirectory>
            <includes>
                <include>*.sh</include>
            </includes>
            <lineEnding>unix</lineEnding>
        </fileSet>
        <fileSet>
            <directory>${basedir}/conf</directory>
            <outputDirectory>conf</outputDirectory>
        </fileSet>
        <fileSet>
            <directory>${basedir}/lib/weblogic</directory>
            <outputDirectory>lib/weblogic</outputDirectory>
        </fileSet>
    </fileSets>
</assembly>