<?xml version="1.0"?>
<!--
 *******************************************************************************
 * Copyright (c) 2021 - 2024 L3Harris Technologies
 *
 *
 * Permission is hereby granted, free of charge, to any person obtaining a copy
 * of this software and associated documentation files (the "Software"), to deal
 * in the Software without restriction, including without limitation the rights
 * to use, copy, modify, merge, publish, distribute, sublicense, and/or sell
 * copies of the Software, and to permit persons to whom the Software is
 * furnished to do so, subject to the following conditions:
 *
 * The above copyright notice and this permission notice shall be included in all
 * copies or substantial portions of the Software.
 *
 * THE SOFTWARE IS PROVIDED "AS IS", WITHOUT WARRANTY OF ANY KIND, EXPRESS OR
 * IMPLIED, INCLUDING BUT NOT LIMITED TO THE WARRANTIES OF MERCHANTABILITY,
 * FITNESS FOR A PARTICULAR PURPOSE AND NONINFRINGEMENT. IN NO EVENT SHALL THE
 * AUTHORS OR COPYRIGHT HOLDERS BE LIABLE FOR ANY CLAIM, DAMAGES OR OTHER
 * LIABILITY, WHETHER IN AN ACTION OF CONTRACT, TORT OR OTHERWISE, ARISING FROM,
 * OUT OF OR IN CONNECTION WITH THE SOFTWARE OR THE USE OR OTHER DEALINGS IN THE
 * SOFTWARE.
 *******************************************************************************
-->
<Configuration status="INFO">
    <Properties>
        <Property name="CON_PATTERN"> %d{ISO8601} %highlight{%-5p} [%t] %c %x - %highlight{%m%n}</Property>
        <!-- <Property name="LOG_PATTERN"> %d{ISO8601} %-5p [%t] %c %x - {%m%n}</Property> -->
    </Properties>

    <Appenders>
        <Console name="console" target="SYSTEM_OUT">
            <PatternLayout pattern="${CON_PATTERN}"/>
        </Console>
        <!-- <File name="logfile" fileName="../logs/test.log"> -->
            <!-- <PatternLayout pattern="${LOG_PATTERN}"/> -->
        <!-- </File> -->
    </Appenders>

    <Loggers>
        <Root level="info">
            <AppenderRef ref="console"/>
            <!-- <AppenderRef ref="logfile"/> -->
        </Root>
    </Loggers>
</Configuration>